exp_id,algorithm,alpha,participation_rate,final_accuracy,rounds_to_80pct,per_client_acc_mean,per_client_acc_std,per_client_acc_min,round_results
fedavg_alpha0.05_part0.2,fedavg,0.05,0.2,0.5776000022888184,999,0.6805262863636017,0.1806639727294093,0.365524023771286,"[{""round"": 1, ""accuracy"": 0.27469998598098755, ""loss"": 4.882119655609131}, {""round"": 3, ""accuracy"": 0.26930001378059387, ""loss"": 4.406789302825928}, {""round"": 6, ""accuracy"": 0.27730000019073486, ""loss"": 7.440218925476074}, {""round"": 9, ""accuracy"": 0.23929999768733978, ""loss"": 2.1255805492401123}, {""round"": 12, ""accuracy"": 0.21289999783039093, ""loss"": 3.570695638656616}, {""round"": 15, ""accuracy"": 0.41670000553131104, ""loss"": 2.6590051651000977}, {""round"": 18, ""accuracy"": 0.34209999442100525, ""loss"": 4.969849109649658}, {""round"": 21, ""accuracy"": 0.451200008392334, ""loss"": 1.7904503345489502}, {""round"": 24, ""accuracy"": 0.5361999869346619, ""loss"": 1.5460681915283203}, {""round"": 27, ""accuracy"": 0.6220999956130981, ""loss"": 1.7171833515167236}, {""round"": 30, ""accuracy"": 0.5776000022888184, ""loss"": 1.4211714267730713}]"
fedavg_alpha0.05_part0.5,fedavg,0.05,0.5,0.8112999796867371,18,0.8667394757270813,0.12824208924067723,0.6728808283805847,"[{""round"": 1, ""accuracy"": 0.3749000132083893, ""loss"": 2.646353244781494}, {""round"": 3, ""accuracy"": 0.2784000039100647, ""loss"": 2.242638349533081}, {""round"": 6, ""accuracy"": 0.5289999842643738, ""loss"": 1.4769259691238403}, {""round"": 9, ""accuracy"": 0.6499000191688538, ""loss"": 0.9393854737281799}, {""round"": 12, ""accuracy"": 0.734000027179718, ""loss"": 0.8683413863182068}, {""round"": 15, ""accuracy"": 0.6531000137329102, ""loss"": 0.9437915086746216}, {""round"": 18, ""accuracy"": 0.8738999962806702, ""loss"": 0.39812082052230835}, {""round"": 21, ""accuracy"": 0.8600000143051147, ""loss"": 0.36623987555503845}, {""round"": 24, ""accuracy"": 0.9174000024795532, ""loss"": 0.25118568539619446}, {""round"": 27, ""accuracy"": 0.9132000207901001, ""loss"": 0.26636356115341187}, {""round"": 30, ""accuracy"": 0.8112999796867371, ""loss"": 0.598362922668457}]"
fedavg_alpha0.05_part0.8,fedavg,0.05,0.8,0.9394000172615051,12,0.9454618334770203,0.04458779487892305,0.8320741653442383,"[{""round"": 1, ""accuracy"": 0.3050999939441681, ""loss"": 2.202413320541382}, {""round"": 3, ""accuracy"": 0.5317999720573425, ""loss"": 1.4202020168304443}, {""round"": 6, ""accuracy"": 0.6780999898910522, ""loss"": 0.8771035075187683}, {""round"": 9, ""accuracy"": 0.7815999984741211, ""loss"": 0.6878336668014526}, {""round"": 12, ""accuracy"": 0.8547999858856201, ""loss"": 0.3799961805343628}, {""round"": 15, ""accuracy"": 0.8389999866485596, ""loss"": 0.43205615878105164}, {""round"": 18, ""accuracy"": 0.9355000257492065, ""loss"": 0.20065832138061523}, {""round"": 21, ""accuracy"": 0.9086999893188477, ""loss"": 0.2633565664291382}, {""round"": 24, ""accuracy"": 0.9420999884605408, ""loss"": 0.17120294272899628}, {""round"": 27, ""accuracy"": 0.9545999765396118, ""loss"": 0.14607420563697815}, {""round"": 30, ""accuracy"": 0.9394000172615051, ""loss"": 0.17743133008480072}]"
fedavg_alpha0.05_part1.0,fedavg,0.05,1.0,0.9679999947547913,12,0.9631185114383698,0.023926079559344376,0.9079498052597046,"[{""round"": 1, ""accuracy"": 0.3034000098705292, ""loss"": 2.05987811088562}, {""round"": 3, ""accuracy"": 0.2574999928474426, ""loss"": 3.0187063217163086}, {""round"": 6, ""accuracy"": 0.7577999830245972, ""loss"": 0.656790554523468}, {""round"": 9, ""accuracy"": 0.7822999954223633, ""loss"": 0.5894566774368286}, {""round"": 12, ""accuracy"": 0.9388999938964844, ""loss"": 0.21113933622837067}, {""round"": 15, ""accuracy"": 0.9409999847412109, ""loss"": 0.19078898429870605}, {""round"": 18, ""accuracy"": 0.9585000276565552, ""loss"": 0.14191515743732452}, {""round"": 21, ""accuracy"": 0.9575999975204468, ""loss"": 0.14003892242908478}, {""round"": 24, ""accuracy"": 0.9627000093460083, ""loss"": 0.12459306418895721}, {""round"": 27, ""accuracy"": 0.9652000069618225, ""loss"": 0.11408589035272598}, {""round"": 30, ""accuracy"": 0.9679999947547913, ""loss"": 0.10255944728851318}]"
fedavg_alpha0.1_part0.2,fedavg,0.1,0.2,0.11949999630451202,999,0.17829395724693314,0.28217481630064606,0.0014056224608793855,"[{""round"": 1, ""accuracy"": 0.1476999968290329, ""loss"": 2.305595636367798}, {""round"": 3, ""accuracy"": 0.18629999458789825, ""loss"": 2.3411362171173096}, {""round"": 6, ""accuracy"": 0.15620000660419464, ""loss"": 3.820523738861084}, {""round"": 9, ""accuracy"": 0.29440000653266907, ""loss"": 2.3706507682800293}, {""round"": 12, ""accuracy"": 0.2581000030040741, ""loss"": 3.8062686920166016}, {""round"": 15, ""accuracy"": 0.3447999954223633, ""loss"": 2.9674272537231445}, {""round"": 18, ""accuracy"": 0.5437999963760376, ""loss"": 1.2578035593032837}, {""round"": 21, ""accuracy"": 0.44530001282691956, ""loss"": 2.225529193878174}, {""round"": 24, ""accuracy"": 0.7447999715805054, ""loss"": 0.9514643549919128}, {""round"": 27, ""accuracy"": 0.7203999757766724, ""loss"": 1.3708935976028442}, {""round"": 30, ""accuracy"": 0.11949999630451202, ""loss"": 14.057926177978516}]"
fedavg_alpha0.1_part0.5,fedavg,0.1,0.5,0.9589999914169312,9,0.9492905557155609,0.03416071212807873,0.8823930621147156,"[{""round"": 1, ""accuracy"": 0.16689999401569366, ""loss"": 5.025749206542969}, {""round"": 3, ""accuracy"": 0.3287999927997589, ""loss"": 2.053532838821411}, {""round"": 6, ""accuracy"": 0.5544999837875366, ""loss"": 1.438184142112732}, {""round"": 9, ""accuracy"": 0.8241999745368958, ""loss"": 0.517102062702179}, {""round"": 12, ""accuracy"": 0.8363000154495239, ""loss"": 0.4545620083808899}, {""round"": 15, ""accuracy"": 0.760699987411499, ""loss"": 0.7870463132858276}, {""round"": 18, ""accuracy"": 0.791700005531311, ""loss"": 0.5962333083152771}, {""round"": 21, ""accuracy"": 0.9405999779701233, ""loss"": 0.188181072473526}, {""round"": 24, ""accuracy"": 0.9498000144958496, ""loss"": 0.1503160446882248}, {""round"": 27, ""accuracy"": 0.9168000221252441, ""loss"": 0.23815956711769104}, {""round"": 30, ""accuracy"": 0.9589999914169312, ""loss"": 0.13027851283550262}]"
fedavg_alpha0.1_part0.8,fedavg,0.1,0.8,0.9718000292778015,9,0.9624045312404632,0.02588082636127066,0.9035925269126892,"[{""round"": 1, ""accuracy"": 0.47279998660087585, ""loss"": 1.709959626197815}, {""round"": 3, ""accuracy"": 0.5554999709129333, ""loss"": 1.5134215354919434}, {""round"": 6, ""accuracy"": 0.7296000123023987, ""loss"": 1.0032589435577393}, {""round"": 9, ""accuracy"": 0.8867999911308289, ""loss"": 0.30639520287513733}, {""round"": 12, ""accuracy"": 0.875, ""loss"": 0.3755177855491638}, {""round"": 15, ""accuracy"": 0.9488999843597412, ""loss"": 0.15499065816402435}, {""round"": 18, ""accuracy"": 0.9524000287055969, ""loss"": 0.14580321311950684}, {""round"": 21, ""accuracy"": 0.9635999798774719, ""loss"": 0.11559643596410751}, {""round"": 24, ""accuracy"": 0.9650999903678894, ""loss"": 0.10516055673360825}, {""round"": 27, ""accuracy"": 0.9496999979019165, ""loss"": 0.15291166305541992}, {""round"": 30, ""accuracy"": 0.9718000292778015, ""loss"": 0.09208788722753525}]"
fedavg_alpha0.1_part1.0,fedavg,0.1,1.0,0.9733999967575073,9,0.9676635146141053,0.023302242179907295,0.9088221788406372,"[{""round"": 1, ""accuracy"": 0.5206999778747559, ""loss"": 1.5395698547363281}, {""round"": 3, ""accuracy"": 0.6572999954223633, ""loss"": 1.288283348083496}, {""round"": 6, ""accuracy"": 0.7434999942779541, ""loss"": 1.0703275203704834}, {""round"": 9, ""accuracy"": 0.8978999853134155, ""loss"": 0.29392874240875244}, {""round"": 12, ""accuracy"": 0.9165999889373779, ""loss"": 0.22449874877929688}, {""round"": 15, ""accuracy"": 0.9585000276565552, ""loss"": 0.13573937118053436}, {""round"": 18, ""accuracy"": 0.9564999938011169, ""loss"": 0.13200944662094116}, {""round"": 21, ""accuracy"": 0.9649999737739563, ""loss"": 0.11481825262308121}, {""round"": 24, ""accuracy"": 0.9659000039100647, ""loss"": 0.10495203733444214}, {""round"": 27, ""accuracy"": 0.9718000292778015, ""loss"": 0.08794945478439331}, {""round"": 30, ""accuracy"": 0.9733999967575073, ""loss"": 0.08283994346857071}]"
fedavg_alpha0.5_part0.2,fedavg,0.5,0.2,0.9559000134468079,9,0.9528557360172272,0.02593172261155959,0.9046767950057983,"[{""round"": 1, ""accuracy"": 0.23499999940395355, ""loss"": 2.5817928314208984}, {""round"": 3, ""accuracy"": 0.4772999882698059, ""loss"": 1.7463363409042358}, {""round"": 6, ""accuracy"": 0.7815999984741211, ""loss"": 0.6015488505363464}, {""round"": 9, ""accuracy"": 0.9068999886512756, ""loss"": 0.31513628363609314}, {""round"": 12, ""accuracy"": 0.8888999819755554, ""loss"": 0.32131579518318176}, {""round"": 15, ""accuracy"": 0.9307000041007996, ""loss"": 0.2175477296113968}, {""round"": 18, ""accuracy"": 0.8478000164031982, ""loss"": 0.4209752380847931}, {""round"": 21, ""accuracy"": 0.9294000267982483, ""loss"": 0.20997783541679382}, {""round"": 24, ""accuracy"": 0.9611999988555908, ""loss"": 0.11748024821281433}, {""round"": 27, ""accuracy"": 0.9678999781608582, ""loss"": 0.102227121591568}, {""round"": 30, ""accuracy"": 0.9559000134468079, ""loss"": 0.13679473102092743}]"
fedavg_alpha0.5_part0.5,fedavg,0.5,0.5,0.972100019454956,6,0.9711190938949585,0.010920233781272205,0.9410187602043152,"[{""round"": 1, ""accuracy"": 0.34869998693466187, ""loss"": 1.7486578226089478}, {""round"": 3, ""accuracy"": 0.7843999862670898, ""loss"": 0.612877607345581}, {""round"": 6, ""accuracy"": 0.8414000272750854, ""loss"": 0.43146196007728577}, {""round"": 9, ""accuracy"": 0.9408000111579895, ""loss"": 0.2014610469341278}, {""round"": 12, ""accuracy"": 0.9381999969482422, ""loss"": 0.19898326694965363}, {""round"": 15, ""accuracy"": 0.9502999782562256, ""loss"": 0.1637904942035675}, {""round"": 18, ""accuracy"": 0.9265999794006348, ""loss"": 0.21478813886642456}, {""round"": 21, ""accuracy"": 0.9614999890327454, ""loss"": 0.12625208497047424}, {""round"": 24, ""accuracy"": 0.9642000198364258, ""loss"": 0.10798443853855133}, {""round"": 27, ""accuracy"": 0.968999981880188, ""loss"": 0.09642311185598373}, {""round"": 30, ""accuracy"": 0.972100019454956, ""loss"": 0.08829143643379211}]"
fedavg_alpha0.5_part0.8,fedavg,0.5,0.8,0.9760000109672546,3,0.9751111805438996,0.004118503232164252,0.9683670997619629,"[{""round"": 1, ""accuracy"": 0.40799999237060547, ""loss"": 1.8514422178268433}, {""round"": 3, ""accuracy"": 0.8019000291824341, ""loss"": 0.6061121821403503}, {""round"": 6, ""accuracy"": 0.8327999711036682, ""loss"": 0.5413463115692139}, {""round"": 9, ""accuracy"": 0.9297000169754028, ""loss"": 0.21634770929813385}, {""round"": 12, ""accuracy"": 0.9538999795913696, ""loss"": 0.1548607349395752}, {""round"": 15, ""accuracy"": 0.9613000154495239, ""loss"": 0.1243848130106926}, {""round"": 18, ""accuracy"": 0.9650999903678894, ""loss"": 0.11109697073698044}, {""round"": 21, ""accuracy"": 0.9697999954223633, ""loss"": 0.0952313244342804}, {""round"": 24, ""accuracy"": 0.9715999960899353, ""loss"": 0.09027907997369766}, {""round"": 27, ""accuracy"": 0.9753999710083008, ""loss"": 0.07745132595300674}, {""round"": 30, ""accuracy"": 0.9760000109672546, ""loss"": 0.0747443437576294}]"
fedavg_alpha0.5_part1.0,fedavg,0.5,1.0,0.9722999930381775,3,0.9716772675514221,0.003420491451276514,0.9658921360969543,"[{""round"": 1, ""accuracy"": 0.4424000084400177, ""loss"": 1.8982306718826294}, {""round"": 3, ""accuracy"": 0.8252999782562256, ""loss"": 0.5543213486671448}, {""round"": 6, ""accuracy"": 0.8974999785423279, ""loss"": 0.341128945350647}, {""round"": 9, ""accuracy"": 0.9142000079154968, ""loss"": 0.27377229928970337}, {""round"": 12, ""accuracy"": 0.9395999908447266, ""loss"": 0.2020634114742279}, {""round"": 15, ""accuracy"": 0.9502999782562256, ""loss"": 0.1618460863828659}, {""round"": 18, ""accuracy"": 0.9585999846458435, ""loss"": 0.13679267466068268}, {""round"": 21, ""accuracy"": 0.9627000093460083, ""loss"": 0.12117685377597809}, {""round"": 24, ""accuracy"": 0.9678000211715698, ""loss"": 0.10332374274730682}, {""round"": 27, ""accuracy"": 0.9696999788284302, ""loss"": 0.09711525589227676}, {""round"": 30, ""accuracy"": 0.9722999930381775, ""loss"": 0.08718708157539368}]"
fedavg_alpha1.0_part0.2,fedavg,1.0,0.2,0.9718000292778015,3,0.972696840763092,0.006445618948894807,0.9629477262496948,"[{""round"": 1, ""accuracy"": 0.48989999294281006, ""loss"": 1.5482956171035767}, {""round"": 3, ""accuracy"": 0.8819000124931335, ""loss"": 0.3989895284175873}, {""round"": 6, ""accuracy"": 0.9279000163078308, ""loss"": 0.24235829710960388}, {""round"": 9, ""accuracy"": 0.9492999911308289, ""loss"": 0.17101818323135376}, {""round"": 12, ""accuracy"": 0.9488999843597412, ""loss"": 0.16564476490020752}, {""round"": 15, ""accuracy"": 0.9613000154495239, ""loss"": 0.1233476921916008}, {""round"": 18, ""accuracy"": 0.9674000144004822, ""loss"": 0.1098768562078476}, {""round"": 21, ""accuracy"": 0.970300018787384, ""loss"": 0.09692778438329697}, {""round"": 24, ""accuracy"": 0.9664999842643738, ""loss"": 0.10591739416122437}, {""round"": 27, ""accuracy"": 0.9765999913215637, ""loss"": 0.07653197646141052}, {""round"": 30, ""accuracy"": 0.9718000292778015, ""loss"": 0.08364662528038025}]"
fedavg_alpha1.0_part0.5,fedavg,1.0,0.5,0.9781000018119812,3,0.9778063297271729,0.004140584555608882,0.9720049500465393,"[{""round"": 1, ""accuracy"": 0.2079000025987625, ""loss"": 1.9622113704681396}, {""round"": 3, ""accuracy"": 0.8841000199317932, ""loss"": 0.39159953594207764}, {""round"": 6, ""accuracy"": 0.932200014591217, ""loss"": 0.23470759391784668}, {""round"": 9, ""accuracy"": 0.9480000138282776, ""loss"": 0.1785842478275299}, {""round"": 12, ""accuracy"": 0.9556000232696533, ""loss"": 0.1499064713716507}, {""round"": 15, ""accuracy"": 0.9645000100135803, ""loss"": 0.11563558131456375}, {""round"": 18, ""accuracy"": 0.9699000120162964, ""loss"": 0.09995377063751221}, {""round"": 21, ""accuracy"": 0.9739000201225281, ""loss"": 0.0855846256017685}, {""round"": 24, ""accuracy"": 0.9769999980926514, ""loss"": 0.0768575593829155}, {""round"": 27, ""accuracy"": 0.9775999784469604, ""loss"": 0.07106103748083115}, {""round"": 30, ""accuracy"": 0.9781000018119812, ""loss"": 0.0675833523273468}]"
fedavg_alpha1.0_part0.8,fedavg,1.0,0.8,0.9779000282287598,3,0.9777722179889679,0.0019948229238473192,0.9742692708969116,"[{""round"": 1, ""accuracy"": 0.5529999732971191, ""loss"": 1.7525705099105835}, {""round"": 3, ""accuracy"": 0.8895999789237976, ""loss"": 0.3840635418891907}, {""round"": 6, ""accuracy"": 0.930899977684021, ""loss"": 0.23460227251052856}, {""round"": 9, ""accuracy"": 0.9513999819755554, ""loss"": 0.16945752501487732}, {""round"": 12, ""accuracy"": 0.9599999785423279, ""loss"": 0.13819295167922974}, {""round"": 15, ""accuracy"": 0.9648000001907349, ""loss"": 0.11724326014518738}, {""round"": 18, ""accuracy"": 0.9690999984741211, ""loss"": 0.09982436895370483}, {""round"": 21, ""accuracy"": 0.9742000102996826, ""loss"": 0.08604956418275833}, {""round"": 24, ""accuracy"": 0.9764999747276306, ""loss"": 0.07853592187166214}, {""round"": 27, ""accuracy"": 0.9782999753952026, ""loss"": 0.07013804465532303}, {""round"": 30, ""accuracy"": 0.9779000282287598, ""loss"": 0.06776975840330124}]"
fedavg_alpha1.0_part1.0,fedavg,1.0,1.0,0.9804999828338623,3,0.9805017173290252,0.0018894468113192801,0.9774635434150696,"[{""round"": 1, ""accuracy"": 0.5455999970436096, ""loss"": 1.723205804824829}, {""round"": 3, ""accuracy"": 0.9061999917030334, ""loss"": 0.3301752805709839}, {""round"": 6, ""accuracy"": 0.9375, ""loss"": 0.20902031660079956}, {""round"": 9, ""accuracy"": 0.9503999948501587, ""loss"": 0.15754833817481995}, {""round"": 12, ""accuracy"": 0.9613999724388123, ""loss"": 0.12430687248706818}, {""round"": 15, ""accuracy"": 0.96670001745224, ""loss"": 0.10293973237276077}, {""round"": 18, ""accuracy"": 0.9702000021934509, ""loss"": 0.09419742226600647}, {""round"": 21, ""accuracy"": 0.9728000164031982, ""loss"": 0.08089561760425568}, {""round"": 24, ""accuracy"": 0.9764999747276306, ""loss"": 0.07391881942749023}, {""round"": 27, ""accuracy"": 0.9787999987602234, ""loss"": 0.06594106554985046}, {""round"": 30, ""accuracy"": 0.9804999828338623, ""loss"": 0.061623767018318176}]"
fedprox_alpha0.05_part0.2,fedprox,0.05,0.2,0.27630001306533813,999,0.3420120496302843,0.25314084038542617,0.02301255241036415,"[{""round"": 1, ""accuracy"": 0.27000001072883606, ""loss"": 8.99608325958252}, {""round"": 3, ""accuracy"": 0.2703000009059906, ""loss"": 5.969561576843262}, {""round"": 6, ""accuracy"": 0.24690000712871552, ""loss"": 4.625752925872803}, {""round"": 9, ""accuracy"": 0.1680999994277954, ""loss"": 2.5489308834075928}, {""round"": 12, ""accuracy"": 0.15060000121593475, ""loss"": 6.407494068145752}, {""round"": 15, ""accuracy"": 0.44200000166893005, ""loss"": 4.04067325592041}, {""round"": 18, ""accuracy"": 0.2612999975681305, ""loss"": 8.53506851196289}, {""round"": 21, ""accuracy"": 0.11089999973773956, ""loss"": 3.7273316383361816}, {""round"": 24, ""accuracy"": 0.2687999904155731, ""loss"": 4.609978675842285}, {""round"": 27, ""accuracy"": 0.4643000066280365, ""loss"": 2.324150562286377}, {""round"": 30, ""accuracy"": 0.27630001306533813, ""loss"": 2.0036518573760986}]"
fedprox_alpha0.05_part0.5,fedprox,0.05,0.5,0.8561000227928162,18,0.9020558357238769,0.10408667375137418,0.6568509340286255,"[{""round"": 1, ""accuracy"": 0.38609999418258667, ""loss"": 2.7493577003479004}, {""round"": 3, ""accuracy"": 0.38109999895095825, ""loss"": 2.3588719367980957}, {""round"": 6, ""accuracy"": 0.583899974822998, ""loss"": 1.6302179098129272}, {""round"": 9, ""accuracy"": 0.6193000078201294, ""loss"": 1.0882587432861328}, {""round"": 12, ""accuracy"": 0.7592999935150146, ""loss"": 0.8952855467796326}, {""round"": 15, ""accuracy"": 0.6618000268936157, ""loss"": 0.9438505172729492}, {""round"": 18, ""accuracy"": 0.8080999851226807, ""loss"": 0.5820412039756775}, {""round"": 21, ""accuracy"": 0.8449000120162964, ""loss"": 0.397090882062912}, {""round"": 24, ""accuracy"": 0.9204999804496765, ""loss"": 0.24853335320949554}, {""round"": 27, ""accuracy"": 0.916700005531311, ""loss"": 0.25977757573127747}, {""round"": 30, ""accuracy"": 0.8561000227928162, ""loss"": 0.41725727915763855}]"
fedprox_alpha0.05_part0.8,fedprox,0.05,0.8,0.9610000252723694,9,0.9575624704360962,0.02216576901265021,0.9214457273483276,"[{""round"": 1, ""accuracy"": 0.24709999561309814, ""loss"": 2.1316332817077637}, {""round"": 3, ""accuracy"": 0.5947999954223633, ""loss"": 1.2762348651885986}, {""round"": 6, ""accuracy"": 0.6251000165939331, ""loss"": 1.0768883228302002}, {""round"": 9, ""accuracy"": 0.8048999905586243, ""loss"": 0.6051967740058899}, {""round"": 12, ""accuracy"": 0.9089999794960022, ""loss"": 0.27266934514045715}, {""round"": 15, ""accuracy"": 0.8946999907493591, ""loss"": 0.3235898017883301}, {""round"": 18, ""accuracy"": 0.9453999996185303, ""loss"": 0.178242489695549}, {""round"": 21, ""accuracy"": 0.9298999905586243, ""loss"": 0.21720801293849945}, {""round"": 24, ""accuracy"": 0.9549999833106995, ""loss"": 0.14626677334308624}, {""round"": 27, ""accuracy"": 0.9557999968528748, ""loss"": 0.13593575358390808}, {""round"": 30, ""accuracy"": 0.9610000252723694, ""loss"": 0.12633895874023438}]"
fedprox_alpha0.05_part1.0,fedprox,0.05,1.0,0.9664000272750854,9,0.9580528020858765,0.02550125766564678,0.9037656784057617,"[{""round"": 1, ""accuracy"": 0.23549999296665192, ""loss"": 2.0423200130462646}, {""round"": 3, ""accuracy"": 0.35429999232292175, ""loss"": 2.2390217781066895}, {""round"": 6, ""accuracy"": 0.6966999769210815, ""loss"": 0.9407079815864563}, {""round"": 9, ""accuracy"": 0.853600025177002, ""loss"": 0.41669410467147827}, {""round"": 12, ""accuracy"": 0.927299976348877, ""loss"": 0.24034592509269714}, {""round"": 15, ""accuracy"": 0.9368000030517578, ""loss"": 0.2099735289812088}, {""round"": 18, ""accuracy"": 0.9545999765396118, ""loss"": 0.15206393599510193}, {""round"": 21, ""accuracy"": 0.9519000053405762, ""loss"": 0.156844824552536}, {""round"": 24, ""accuracy"": 0.9631999731063843, ""loss"": 0.12240386754274368}, {""round"": 27, ""accuracy"": 0.963100016117096, ""loss"": 0.12026352435350418}, {""round"": 30, ""accuracy"": 0.9664000272750854, ""loss"": 0.11137525737285614}]"
fedprox_alpha0.1_part0.2,fedprox,0.1,0.2,0.14409999549388885,999,0.19095564651070163,0.27909501964834965,0.0012048193020746112,"[{""round"": 1, ""accuracy"": 0.10279999673366547, ""loss"": 2.310807943344116}, {""round"": 3, ""accuracy"": 0.2624000012874603, ""loss"": 2.188181161880493}, {""round"": 6, ""accuracy"": 0.15029999613761902, ""loss"": 3.719773530960083}, {""round"": 9, ""accuracy"": 0.3091999888420105, ""loss"": 2.049022912979126}, {""round"": 12, ""accuracy"": 0.325300008058548, ""loss"": 3.969658136367798}, {""round"": 15, ""accuracy"": 0.4864000082015991, ""loss"": 2.299982786178589}, {""round"": 18, ""accuracy"": 0.4878999888896942, ""loss"": 1.5124660730361938}, {""round"": 21, ""accuracy"": 0.5123999714851379, ""loss"": 1.9451228380203247}, {""round"": 24, ""accuracy"": 0.7322999835014343, ""loss"": 0.7851982712745667}, {""round"": 27, ""accuracy"": 0.6963000297546387, ""loss"": 1.1856623888015747}, {""round"": 30, ""accuracy"": 0.14409999549388885, ""loss"": 10.794696807861328}]"
fedprox_alpha0.1_part0.5,fedprox,0.1,0.5,0.9685999751091003,9,0.9595697402954102,0.02389072744953985,0.916141152381897,"[{""round"": 1, ""accuracy"": 0.1826000064611435, ""loss"": 5.025673866271973}, {""round"": 3, ""accuracy"": 0.4325000047683716, ""loss"": 1.8218327760696411}, {""round"": 6, ""accuracy"": 0.5996000170707703, ""loss"": 1.4819095134735107}, {""round"": 9, ""accuracy"": 0.8167999982833862, ""loss"": 0.5462865233421326}, {""round"": 12, ""accuracy"": 0.8475000262260437, ""loss"": 0.4318976104259491}, {""round"": 15, ""accuracy"": 0.7890999913215637, ""loss"": 0.6557677984237671}, {""round"": 18, ""accuracy"": 0.8672000169754028, ""loss"": 0.3852056562900543}, {""round"": 21, ""accuracy"": 0.9528999924659729, ""loss"": 0.14548711478710175}, {""round"": 24, ""accuracy"": 0.9603999853134155, ""loss"": 0.12313259392976761}, {""round"": 27, ""accuracy"": 0.9337999820709229, ""loss"": 0.19835080206394196}, {""round"": 30, ""accuracy"": 0.9685999751091003, ""loss"": 0.10177458077669144}]"
fedprox_alpha0.1_part0.8,fedprox,0.1,0.8,0.9706000089645386,9,0.9652234375476837,0.01871790826968046,0.9342883229255676,"[{""round"": 1, ""accuracy"": 0.4657999873161316, ""loss"": 1.6113630533218384}, {""round"": 3, ""accuracy"": 0.5842999815940857, ""loss"": 1.0570005178451538}, {""round"": 6, ""accuracy"": 0.7117000222206116, ""loss"": 0.7538468837738037}, {""round"": 9, ""accuracy"": 0.8788999915122986, ""loss"": 0.3238595128059387}, {""round"": 12, ""accuracy"": 0.8474000096321106, ""loss"": 0.4654628038406372}, {""round"": 15, ""accuracy"": 0.9363999962806702, ""loss"": 0.18435101211071014}, {""round"": 18, ""accuracy"": 0.9538000226020813, ""loss"": 0.1448460817337036}, {""round"": 21, ""accuracy"": 0.958899974822998, ""loss"": 0.12934716045856476}, {""round"": 24, ""accuracy"": 0.9628999829292297, ""loss"": 0.11114659160375595}, {""round"": 27, ""accuracy"": 0.9599999785423279, ""loss"": 0.11571413278579712}, {""round"": 30, ""accuracy"": 0.9706000089645386, ""loss"": 0.09240572899580002}]"
fedprox_alpha0.1_part1.0,fedprox,0.1,1.0,0.9732000231742859,6,0.9664459645748138,0.021761569252629086,0.9179172515869141,"[{""round"": 1, ""accuracy"": 0.6171000003814697, ""loss"": 1.426024317741394}, {""round"": 3, ""accuracy"": 0.7046999931335449, ""loss"": 1.5524078607559204}, {""round"": 6, ""accuracy"": 0.8432999849319458, ""loss"": 0.4712144434452057}, {""round"": 9, ""accuracy"": 0.8435999751091003, ""loss"": 0.5016823410987854}, {""round"": 12, ""accuracy"": 0.9186999797821045, ""loss"": 0.24031870067119598}, {""round"": 15, ""accuracy"": 0.9187999963760376, ""loss"": 0.21084648370742798}, {""round"": 18, ""accuracy"": 0.9593999981880188, ""loss"": 0.1280023157596588}, {""round"": 21, ""accuracy"": 0.9617999792098999, ""loss"": 0.11846365034580231}, {""round"": 24, ""accuracy"": 0.9686999917030334, ""loss"": 0.10017231851816177}, {""round"": 27, ""accuracy"": 0.9692999720573425, ""loss"": 0.09615854173898697}, {""round"": 30, ""accuracy"": 0.9732000231742859, ""loss"": 0.08577997237443924}]"
fedprox_alpha0.5_part0.2,fedprox,0.5,0.2,0.958299994468689,6,0.9537177145481109,0.02340726407769358,0.9028894901275635,"[{""round"": 1, ""accuracy"": 0.2020999938249588, ""loss"": 2.6162590980529785}, {""round"": 3, ""accuracy"": 0.6029999852180481, ""loss"": 1.3049602508544922}, {""round"": 6, ""accuracy"": 0.8011999726295471, ""loss"": 0.5826228260993958}, {""round"": 9, ""accuracy"": 0.8859000205993652, ""loss"": 0.36415204405784607}, {""round"": 12, ""accuracy"": 0.8966000080108643, ""loss"": 0.3102276027202606}, {""round"": 15, ""accuracy"": 0.9287999868392944, ""loss"": 0.22010639309883118}, {""round"": 18, ""accuracy"": 0.8467000126838684, ""loss"": 0.42254897952079773}, {""round"": 21, ""accuracy"": 0.9305999875068665, ""loss"": 0.2079785168170929}, {""round"": 24, ""accuracy"": 0.9575999975204468, ""loss"": 0.12715516984462738}, {""round"": 27, ""accuracy"": 0.9535999894142151, ""loss"": 0.13720566034317017}, {""round"": 30, ""accuracy"": 0.958299994468689, ""loss"": 0.13544774055480957}]"
fedprox_alpha0.5_part0.5,fedprox,0.5,0.5,0.972599983215332,6,0.9707034051418304,0.012764413586523637,0.9361036419868469,"[{""round"": 1, ""accuracy"": 0.3472999930381775, ""loss"": 1.9533817768096924}, {""round"": 3, ""accuracy"": 0.695900022983551, ""loss"": 0.8519524335861206}, {""round"": 6, ""accuracy"": 0.8481000065803528, ""loss"": 0.42056265473365784}, {""round"": 9, ""accuracy"": 0.939300000667572, ""loss"": 0.20508159697055817}, {""round"": 12, ""accuracy"": 0.9283999800682068, ""loss"": 0.21699513494968414}, {""round"": 15, ""accuracy"": 0.9510999917984009, ""loss"": 0.15670937299728394}, {""round"": 18, ""accuracy"": 0.9344000220298767, ""loss"": 0.19605889916419983}, {""round"": 21, ""accuracy"": 0.9629999995231628, ""loss"": 0.11871357262134552}, {""round"": 24, ""accuracy"": 0.9660999774932861, ""loss"": 0.10642445087432861}, {""round"": 27, ""accuracy"": 0.9724000096321106, ""loss"": 0.09112315624952316}, {""round"": 30, ""accuracy"": 0.972599983215332, ""loss"": 0.09002972394227982}]"
fedprox_alpha0.5_part0.8,fedprox,0.5,0.8,0.9775999784469604,3,0.9763472139835357,0.0030570191288451865,0.9708072543144226,"[{""round"": 1, ""accuracy"": 0.3822999894618988, ""loss"": 1.8546825647354126}, {""round"": 3, ""accuracy"": 0.8213000297546387, ""loss"": 0.5538787245750427}, {""round"": 6, ""accuracy"": 0.9222999811172485, ""loss"": 0.27646389603614807}, {""round"": 9, ""accuracy"": 0.9319000244140625, ""loss"": 0.21269580721855164}, {""round"": 12, ""accuracy"": 0.9531000256538391, ""loss"": 0.16255609691143036}, {""round"": 15, ""accuracy"": 0.9599000215530396, ""loss"": 0.1334649920463562}, {""round"": 18, ""accuracy"": 0.965499997138977, ""loss"": 0.11684196442365646}, {""round"": 21, ""accuracy"": 0.9718000292778015, ""loss"": 0.09812470525503159}, {""round"": 24, ""accuracy"": 0.9717000126838684, ""loss"": 0.09208659082651138}, {""round"": 27, ""accuracy"": 0.9763000011444092, ""loss"": 0.08066253364086151}, {""round"": 30, ""accuracy"": 0.9775999784469604, ""loss"": 0.0746074914932251}]"
fedprox_alpha0.5_part1.0,fedprox,0.5,1.0,0.9732000231742859,3,0.973769074678421,0.004677021693248509,0.9638069868087769,"[{""round"": 1, ""accuracy"": 0.5620999932289124, ""loss"": 1.6367816925048828}, {""round"": 3, ""accuracy"": 0.8119000196456909, ""loss"": 0.5275517702102661}, {""round"": 6, ""accuracy"": 0.8712000250816345, ""loss"": 0.3509739935398102}, {""round"": 9, ""accuracy"": 0.9376999735832214, ""loss"": 0.21140332520008087}, {""round"": 12, ""accuracy"": 0.9532999992370605, ""loss"": 0.16523422300815582}, {""round"": 15, ""accuracy"": 0.9598000049591064, ""loss"": 0.13730014860630035}, {""round"": 18, ""accuracy"": 0.9634000062942505, ""loss"": 0.1210559830069542}, {""round"": 21, ""accuracy"": 0.9674000144004822, ""loss"": 0.10736781358718872}, {""round"": 24, ""accuracy"": 0.9713000059127808, ""loss"": 0.0935308039188385}, {""round"": 27, ""accuracy"": 0.9725000262260437, ""loss"": 0.08642736077308655}, {""round"": 30, ""accuracy"": 0.9732000231742859, ""loss"": 0.08024904131889343}]"
fedprox_alpha1.0_part0.2,fedprox,1.0,0.2,0.9664999842643738,3,0.967475312948227,0.006223244590090757,0.9584622383117676,"[{""round"": 1, ""accuracy"": 0.2809000015258789, ""loss"": 1.9582712650299072}, {""round"": 3, ""accuracy"": 0.8690999746322632, ""loss"": 0.4377301335334778}, {""round"": 6, ""accuracy"": 0.9247999787330627, ""loss"": 0.2593534588813782}, {""round"": 9, ""accuracy"": 0.9350000023841858, ""loss"": 0.20079323649406433}, {""round"": 12, ""accuracy"": 0.9470000267028809, ""loss"": 0.17567506432533264}, {""round"": 15, ""accuracy"": 0.9584000110626221, ""loss"": 0.1374208927154541}, {""round"": 18, ""accuracy"": 0.9635000228881836, ""loss"": 0.11183679103851318}, {""round"": 21, ""accuracy"": 0.9692000150680542, ""loss"": 0.096744105219841}, {""round"": 24, ""accuracy"": 0.9671000242233276, ""loss"": 0.10683710873126984}, {""round"": 27, ""accuracy"": 0.9725000262260437, ""loss"": 0.0822446271777153}, {""round"": 30, ""accuracy"": 0.9664999842643738, ""loss"": 0.09612593799829483}]"
fedprox_alpha1.0_part0.5,fedprox,1.0,0.5,0.9807000160217285,3,0.97889284491539,0.003541912992999756,0.9713873863220215,"[{""round"": 1, ""accuracy"": 0.3605000078678131, ""loss"": 1.6237051486968994}, {""round"": 3, ""accuracy"": 0.9010999798774719, ""loss"": 0.35169288516044617}, {""round"": 6, ""accuracy"": 0.9344000220298767, ""loss"": 0.22819676995277405}, {""round"": 9, ""accuracy"": 0.9516000151634216, ""loss"": 0.16458119451999664}, {""round"": 12, ""accuracy"": 0.9573000073432922, ""loss"": 0.1443437933921814}, {""round"": 15, ""accuracy"": 0.965499997138977, ""loss"": 0.1142975240945816}, {""round"": 18, ""accuracy"": 0.9700999855995178, ""loss"": 0.09534864872694016}, {""round"": 21, ""accuracy"": 0.9747999906539917, ""loss"": 0.0818445011973381}, {""round"": 24, ""accuracy"": 0.9757999777793884, ""loss"": 0.0756249874830246}, {""round"": 27, ""accuracy"": 0.9794999957084656, ""loss"": 0.06830752640962601}, {""round"": 30, ""accuracy"": 0.9807000160217285, ""loss"": 0.06116138771176338}]"
fedprox_alpha1.0_part0.8,fedprox,1.0,0.8,0.9810000061988831,3,0.9793186724185944,0.00232995638204574,0.9751410484313965,"[{""round"": 1, ""accuracy"": 0.46709999442100525, ""loss"": 1.7738713026046753}, {""round"": 3, ""accuracy"": 0.8741999864578247, ""loss"": 0.40584635734558105}, {""round"": 6, ""accuracy"": 0.9239000082015991, ""loss"": 0.2587405741214752}, {""round"": 9, ""accuracy"": 0.9452999830245972, ""loss"": 0.18352437019348145}, {""round"": 12, ""accuracy"": 0.957099974155426, ""loss"": 0.14265412092208862}, {""round"": 15, ""accuracy"": 0.9667999744415283, ""loss"": 0.11380733549594879}, {""round"": 18, ""accuracy"": 0.9703999757766724, ""loss"": 0.09786321967840195}, {""round"": 21, ""accuracy"": 0.9725000262260437, ""loss"": 0.0868481993675232}, {""round"": 24, ""accuracy"": 0.9765999913215637, ""loss"": 0.07556736469268799}, {""round"": 27, ""accuracy"": 0.9781000018119812, ""loss"": 0.06934747099876404}, {""round"": 30, ""accuracy"": 0.9810000061988831, ""loss"": 0.06350921839475632}]"
fedprox_alpha1.0_part1.0,fedprox,1.0,1.0,0.9797999858856201,3,0.9787231862545014,0.00245970222987364,0.9748867750167847,"[{""round"": 1, ""accuracy"": 0.5694000124931335, ""loss"": 1.8120362758636475}, {""round"": 3, ""accuracy"": 0.8937000036239624, ""loss"": 0.3764606714248657}, {""round"": 6, ""accuracy"": 0.930899977684021, ""loss"": 0.23182924091815948}, {""round"": 9, ""accuracy"": 0.9485999941825867, ""loss"": 0.17069298028945923}, {""round"": 12, ""accuracy"": 0.9605000019073486, ""loss"": 0.13095510005950928}, {""round"": 15, ""accuracy"": 0.9678999781608582, ""loss"": 0.10603967308998108}, {""round"": 18, ""accuracy"": 0.9717000126838684, ""loss"": 0.09063050895929337}, {""round"": 21, ""accuracy"": 0.9753000140190125, ""loss"": 0.08132509142160416}, {""round"": 24, ""accuracy"": 0.9772999882698059, ""loss"": 0.07288948446512222}, {""round"": 27, ""accuracy"": 0.978600025177002, ""loss"": 0.06724455207586288}, {""round"": 30, ""accuracy"": 0.9797999858856201, ""loss"": 0.06195850297808647}]"
scaffold_alpha0.05_part0.2,scaffold,0.05,0.2,0.42289999127388,999,0.6073209524154664,0.3055695470592175,0.0,"[{""round"": 1, ""accuracy"": 0.20909999310970306, ""loss"": 4.446969032287598}, {""round"": 3, ""accuracy"": 0.1559000015258789, ""loss"": 3.2575716972351074}, {""round"": 6, ""accuracy"": 0.08919999748468399, ""loss"": 2.3390462398529053}, {""round"": 9, ""accuracy"": 0.22859999537467957, ""loss"": 2.887369394302368}, {""round"": 12, ""accuracy"": 0.30649998784065247, ""loss"": 2.918621063232422}, {""round"": 15, ""accuracy"": 0.362199991941452, ""loss"": 3.2995734214782715}, {""round"": 18, ""accuracy"": 0.3926999866962433, ""loss"": 2.4733142852783203}, {""round"": 21, ""accuracy"": 0.48010000586509705, ""loss"": 2.075282335281372}, {""round"": 24, ""accuracy"": 0.4977000057697296, ""loss"": 1.8849507570266724}, {""round"": 27, ""accuracy"": 0.36000001430511475, ""loss"": 2.342040538787842}, {""round"": 30, ""accuracy"": 0.42289999127388, ""loss"": 3.5871148109436035}]"
scaffold_alpha0.05_part0.5,scaffold,0.05,0.5,0.7900999784469604,999,0.8600100129842758,0.170358792792305,0.4017857015132904,"[{""round"": 1, ""accuracy"": 0.21400000154972076, ""loss"": 2.384420871734619}, {""round"": 3, ""accuracy"": 0.2362000048160553, ""loss"": 2.5560343265533447}, {""round"": 6, ""accuracy"": 0.31119999289512634, ""loss"": 1.997939109802246}, {""round"": 9, ""accuracy"": 0.5551000237464905, ""loss"": 1.3520803451538086}, {""round"": 12, ""accuracy"": 0.6168000102043152, ""loss"": 1.1097196340560913}, {""round"": 15, ""accuracy"": 0.7983999848365784, ""loss"": 0.6457741260528564}, {""round"": 18, ""accuracy"": 0.7217000126838684, ""loss"": 0.7370615601539612}, {""round"": 21, ""accuracy"": 0.7163000106811523, ""loss"": 0.7946131229400635}, {""round"": 24, ""accuracy"": 0.7684000134468079, ""loss"": 0.7674219012260437}, {""round"": 27, ""accuracy"": 0.6790000200271606, ""loss"": 0.9643068313598633}, {""round"": 30, ""accuracy"": 0.7900999784469604, ""loss"": 0.6077028512954712}]"
scaffold_alpha0.05_part0.8,scaffold,0.05,0.8,0.9075999855995178,24,0.9302765130996704,0.05992339246373665,0.7717204689979553,"[{""round"": 1, ""accuracy"": 0.3917999863624573, ""loss"": 2.192574977874756}, {""round"": 3, ""accuracy"": 0.48739999532699585, ""loss"": 1.4157742261886597}, {""round"": 6, ""accuracy"": 0.7282999753952026, ""loss"": 0.8866480588912964}, {""round"": 9, ""accuracy"": 0.710099995136261, ""loss"": 0.81082683801651}, {""round"": 12, ""accuracy"": 0.769599974155426, ""loss"": 0.7283920049667358}, {""round"": 15, ""accuracy"": 0.5514000058174133, ""loss"": 1.731217384338379}, {""round"": 18, ""accuracy"": 0.6777999997138977, ""loss"": 0.9592075943946838}, {""round"": 21, ""accuracy"": 0.7750999927520752, ""loss"": 0.8244959115982056}, {""round"": 24, ""accuracy"": 0.8130000233650208, ""loss"": 0.5098744034767151}, {""round"": 27, ""accuracy"": 0.9027000069618225, ""loss"": 0.3456001579761505}, {""round"": 30, ""accuracy"": 0.9075999855995178, ""loss"": 0.3127470314502716}]"
scaffold_alpha0.05_part1.0,scaffold,0.05,1.0,0.9232000112533569,12,0.9414270997047425,0.03886866232868703,0.8568853139877319,"[{""round"": 1, ""accuracy"": 0.20679999887943268, ""loss"": 2.172286033630371}, {""round"": 3, ""accuracy"": 0.4803999960422516, ""loss"": 1.4155528545379639}, {""round"": 6, ""accuracy"": 0.7476000189781189, ""loss"": 0.8025856614112854}, {""round"": 9, ""accuracy"": 0.7929999828338623, ""loss"": 0.5936830639839172}, {""round"": 12, ""accuracy"": 0.8073999881744385, ""loss"": 0.6318497061729431}, {""round"": 15, ""accuracy"": 0.6844000220298767, ""loss"": 0.9634093046188354}, {""round"": 18, ""accuracy"": 0.7756999731063843, ""loss"": 0.6913391351699829}, {""round"": 21, ""accuracy"": 0.8758999705314636, ""loss"": 0.4299696683883667}, {""round"": 24, ""accuracy"": 0.8885999917984009, ""loss"": 0.3734275698661804}, {""round"": 27, ""accuracy"": 0.9164999723434448, ""loss"": 0.29361996054649353}, {""round"": 30, ""accuracy"": 0.9232000112533569, ""loss"": 0.2603543996810913}]"
scaffold_alpha0.1_part0.2,scaffold,0.1,0.2,0.6773999929428101,999,0.7347438842058182,0.18408645505289767,0.3680723011493683,"[{""round"": 1, ""accuracy"": 0.09759999811649323, ""loss"": 2.3185009956359863}, {""round"": 3, ""accuracy"": 0.22709999978542328, ""loss"": 2.6629207134246826}, {""round"": 6, ""accuracy"": 0.2614000141620636, ""loss"": 2.277944803237915}, {""round"": 9, ""accuracy"": 0.6815999746322632, ""loss"": 1.2711479663848877}, {""round"": 12, ""accuracy"": 0.49050000309944153, ""loss"": 2.7626051902770996}, {""round"": 15, ""accuracy"": 0.544700026512146, ""loss"": 1.5571355819702148}, {""round"": 18, ""accuracy"": 0.7642999887466431, ""loss"": 0.6765815615653992}, {""round"": 21, ""accuracy"": 0.7236999869346619, ""loss"": 0.8046506643295288}, {""round"": 24, ""accuracy"": 0.7953000068664551, ""loss"": 0.641307532787323}, {""round"": 27, ""accuracy"": 0.28189998865127563, ""loss"": 3.844024181365967}, {""round"": 30, ""accuracy"": 0.6773999929428101, ""loss"": 0.960865318775177}]"
scaffold_alpha0.1_part0.5,scaffold,0.1,0.5,0.9024999737739563,15,0.904538917541504,0.045881668568132555,0.8092369437217712,"[{""round"": 1, ""accuracy"": 0.13189999759197235, ""loss"": 2.466597557067871}, {""round"": 3, ""accuracy"": 0.23010000586509705, ""loss"": 2.4045403003692627}, {""round"": 6, ""accuracy"": 0.6740999817848206, ""loss"": 0.9985163807868958}, {""round"": 9, ""accuracy"": 0.717199981212616, ""loss"": 0.823616087436676}, {""round"": 12, ""accuracy"": 0.7301999926567078, ""loss"": 0.7855899930000305}, {""round"": 15, ""accuracy"": 0.8331000208854675, ""loss"": 0.4881599545478821}, {""round"": 18, ""accuracy"": 0.8187000155448914, ""loss"": 0.5568312406539917}, {""round"": 21, ""accuracy"": 0.8532000184059143, ""loss"": 0.4544965922832489}, {""round"": 24, ""accuracy"": 0.873199999332428, ""loss"": 0.39783427119255066}, {""round"": 27, ""accuracy"": 0.861299991607666, ""loss"": 0.43156182765960693}, {""round"": 30, ""accuracy"": 0.9024999737739563, ""loss"": 0.3460363447666168}]"
scaffold_alpha0.1_part0.8,scaffold,0.1,0.8,0.901199996471405,9,0.9126002967357636,0.03797362981870221,0.8319277167320251,"[{""round"": 1, ""accuracy"": 0.2994000017642975, ""loss"": 2.259582996368408}, {""round"": 3, ""accuracy"": 0.6830000281333923, ""loss"": 1.2795203924179077}, {""round"": 6, ""accuracy"": 0.7696999907493591, ""loss"": 0.7402074337005615}, {""round"": 9, ""accuracy"": 0.8385000228881836, ""loss"": 0.541939377784729}, {""round"": 12, ""accuracy"": 0.8377000093460083, ""loss"": 0.50953608751297}, {""round"": 15, ""accuracy"": 0.8615999817848206, ""loss"": 0.45746612548828125}, {""round"": 18, ""accuracy"": 0.8726999759674072, ""loss"": 0.4064703583717346}, {""round"": 21, ""accuracy"": 0.8770999908447266, ""loss"": 0.39228948950767517}, {""round"": 24, ""accuracy"": 0.8910999894142151, ""loss"": 0.34738773107528687}, {""round"": 27, ""accuracy"": 0.8960000276565552, ""loss"": 0.3364317715167999}, {""round"": 30, ""accuracy"": 0.901199996471405, ""loss"": 0.3319416344165802}]"
scaffold_alpha0.1_part1.0,scaffold,0.1,1.0,0.8962000012397766,6,0.9054840087890625,0.05898589367366921,0.7618272304534912,"[{""round"": 1, ""accuracy"": 0.4219000041484833, ""loss"": 2.0244500637054443}, {""round"": 3, ""accuracy"": 0.682200014591217, ""loss"": 1.0938403606414795}, {""round"": 6, ""accuracy"": 0.8026000261306763, ""loss"": 0.6330409646034241}, {""round"": 9, ""accuracy"": 0.7749999761581421, ""loss"": 0.6983057856559753}, {""round"": 12, ""accuracy"": 0.7699999809265137, ""loss"": 0.7015088796615601}, {""round"": 15, ""accuracy"": 0.8741999864578247, ""loss"": 0.4285312592983246}, {""round"": 18, ""accuracy"": 0.8938000202178955, ""loss"": 0.3625134527683258}, {""round"": 21, ""accuracy"": 0.8615000247955322, ""loss"": 0.42760971188545227}, {""round"": 24, ""accuracy"": 0.8812000155448914, ""loss"": 0.35339120030403137}, {""round"": 27, ""accuracy"": 0.8950999975204468, ""loss"": 0.34984156489372253}, {""round"": 30, ""accuracy"": 0.8962000012397766, ""loss"": 0.34236443042755127}]"
scaffold_alpha0.5_part0.2,scaffold,0.5,0.2,0.9053000211715698,9,0.9005303084850311,0.028002848053027565,0.8334822654724121,"[{""round"": 1, ""accuracy"": 0.17640000581741333, ""loss"": 2.352384567260742}, {""round"": 3, ""accuracy"": 0.1891999989748001, ""loss"": 2.2332024574279785}, {""round"": 6, ""accuracy"": 0.7519000172615051, ""loss"": 0.8289391398429871}, {""round"": 9, ""accuracy"": 0.802299976348877, ""loss"": 0.5638229250907898}, {""round"": 12, ""accuracy"": 0.7602999806404114, ""loss"": 0.6259983777999878}, {""round"": 15, ""accuracy"": 0.8671000003814697, ""loss"": 0.4370594322681427}, {""round"": 18, ""accuracy"": 0.8666999936103821, ""loss"": 0.40701913833618164}, {""round"": 21, ""accuracy"": 0.8278999924659729, ""loss"": 0.465425968170166}, {""round"": 24, ""accuracy"": 0.8708999752998352, ""loss"": 0.3965480625629425}, {""round"": 27, ""accuracy"": 0.8998000025749207, ""loss"": 0.32067039608955383}, {""round"": 30, ""accuracy"": 0.9053000211715698, ""loss"": 0.31269702315330505}]"
scaffold_alpha0.5_part0.5,scaffold,0.5,0.5,0.9239000082015991,9,0.9221869170665741,0.014105166424858255,0.8955913186073303,"[{""round"": 1, ""accuracy"": 0.2840000092983246, ""loss"": 2.2761311531066895}, {""round"": 3, ""accuracy"": 0.4948999881744385, ""loss"": 1.7403898239135742}, {""round"": 6, ""accuracy"": 0.7896000146865845, ""loss"": 0.7345560789108276}, {""round"": 9, ""accuracy"": 0.8557000160217285, ""loss"": 0.523217499256134}, {""round"": 12, ""accuracy"": 0.8517000079154968, ""loss"": 0.44912290573120117}, {""round"": 15, ""accuracy"": 0.8708999752998352, ""loss"": 0.40249425172805786}, {""round"": 18, ""accuracy"": 0.9003000259399414, ""loss"": 0.3436983525753021}, {""round"": 21, ""accuracy"": 0.9086999893188477, ""loss"": 0.3094179034233093}, {""round"": 24, ""accuracy"": 0.90420001745224, ""loss"": 0.30671942234039307}, {""round"": 27, ""accuracy"": 0.9165999889373779, ""loss"": 0.27851632237434387}, {""round"": 30, ""accuracy"": 0.9239000082015991, ""loss"": 0.2600821554660797}]"
scaffold_alpha0.5_part0.8,scaffold,0.5,0.8,0.9205999970436096,6,0.9151516199111939,0.017349322160948734,0.8789371252059937,"[{""round"": 1, ""accuracy"": 0.21130000054836273, ""loss"": 2.236375093460083}, {""round"": 3, ""accuracy"": 0.4212999939918518, ""loss"": 1.7096232175827026}, {""round"": 6, ""accuracy"": 0.810699999332428, ""loss"": 0.7206149101257324}, {""round"": 9, ""accuracy"": 0.8650000095367432, ""loss"": 0.49734896421432495}, {""round"": 12, ""accuracy"": 0.8773999810218811, ""loss"": 0.4276782274246216}, {""round"": 15, ""accuracy"": 0.8974999785423279, ""loss"": 0.3589823246002197}, {""round"": 18, ""accuracy"": 0.9045000076293945, ""loss"": 0.3270707130432129}, {""round"": 21, ""accuracy"": 0.9103000164031982, ""loss"": 0.3044303357601166}, {""round"": 24, ""accuracy"": 0.902400016784668, ""loss"": 0.32353663444519043}, {""round"": 27, ""accuracy"": 0.9164999723434448, ""loss"": 0.2784022390842438}, {""round"": 30, ""accuracy"": 0.9205999970436096, ""loss"": 0.2616485059261322}]"
scaffold_alpha0.5_part1.0,scaffold,0.5,1.0,0.9125000238418579,6,0.9102480292320252,0.019989132308649845,0.8680400252342224,"[{""round"": 1, ""accuracy"": 0.2574000060558319, ""loss"": 2.16728138923645}, {""round"": 3, ""accuracy"": 0.7548999786376953, ""loss"": 1.1989718675613403}, {""round"": 6, ""accuracy"": 0.8460000157356262, ""loss"": 0.6118416786193848}, {""round"": 9, ""accuracy"": 0.8752999901771545, ""loss"": 0.4697065055370331}, {""round"": 12, ""accuracy"": 0.8895999789237976, ""loss"": 0.40044263005256653}, {""round"": 15, ""accuracy"": 0.8899999856948853, ""loss"": 0.3796187937259674}, {""round"": 18, ""accuracy"": 0.9049999713897705, ""loss"": 0.33420583605766296}, {""round"": 21, ""accuracy"": 0.9085000157356262, ""loss"": 0.3193883001804352}, {""round"": 24, ""accuracy"": 0.9132000207901001, ""loss"": 0.3000966012477875}, {""round"": 27, ""accuracy"": 0.9157999753952026, ""loss"": 0.28557586669921875}, {""round"": 30, ""accuracy"": 0.9125000238418579, ""loss"": 0.28983253240585327}]"
scaffold_alpha1.0_part0.2,scaffold,1.0,0.2,0.8618999719619751,9,0.8581477105617523,0.018233038894928534,0.834839403629303,"[{""round"": 1, ""accuracy"": 0.16990000009536743, ""loss"": 2.264308214187622}, {""round"": 3, ""accuracy"": 0.46709999442100525, ""loss"": 1.9861626625061035}, {""round"": 6, ""accuracy"": 0.7056999802589417, ""loss"": 0.947520911693573}, {""round"": 9, ""accuracy"": 0.8102999925613403, ""loss"": 0.6217601299285889}, {""round"": 12, ""accuracy"": 0.8519999980926514, ""loss"": 0.512650191783905}, {""round"": 15, ""accuracy"": 0.8525000214576721, ""loss"": 0.4922216832637787}, {""round"": 18, ""accuracy"": 0.8895000219345093, ""loss"": 0.3675146996974945}, {""round"": 21, ""accuracy"": 0.8837000131607056, ""loss"": 0.37784117460250854}, {""round"": 24, ""accuracy"": 0.9071999788284302, ""loss"": 0.31107014417648315}, {""round"": 27, ""accuracy"": 0.9161999821662903, ""loss"": 0.295804888010025}, {""round"": 30, ""accuracy"": 0.8618999719619751, ""loss"": 0.4443238377571106}]"
scaffold_alpha1.0_part0.5,scaffold,1.0,0.5,0.9247999787330627,12,0.9200390100479126,0.009838949481941233,0.9016055464744568,"[{""round"": 1, ""accuracy"": 0.1518000066280365, ""loss"": 2.263348340988159}, {""round"": 3, ""accuracy"": 0.46299999952316284, ""loss"": 1.9873454570770264}, {""round"": 6, ""accuracy"": 0.7839000225067139, ""loss"": 0.8541336059570312}, {""round"": 9, ""accuracy"": 0.7116000056266785, ""loss"": 0.7564393877983093}, {""round"": 12, ""accuracy"": 0.8496000170707703, ""loss"": 0.4676399528980255}, {""round"": 15, ""accuracy"": 0.878000020980835, ""loss"": 0.4100536108016968}, {""round"": 18, ""accuracy"": 0.8744000196456909, ""loss"": 0.4015045762062073}, {""round"": 21, ""accuracy"": 0.9126999974250793, ""loss"": 0.30137109756469727}, {""round"": 24, ""accuracy"": 0.9144999980926514, ""loss"": 0.29481902718544006}, {""round"": 27, ""accuracy"": 0.9189000129699707, ""loss"": 0.2749885618686676}, {""round"": 30, ""accuracy"": 0.9247999787330627, ""loss"": 0.25437697768211365}]"
scaffold_alpha1.0_part0.8,scaffold,1.0,0.8,0.925599992275238,9,0.9201060116291047,0.010634481538407898,0.9008690714836121,"[{""round"": 1, ""accuracy"": 0.26570001244544983, ""loss"": 2.241621971130371}, {""round"": 3, ""accuracy"": 0.6233999729156494, ""loss"": 1.813856840133667}, {""round"": 6, ""accuracy"": 0.786899983882904, ""loss"": 0.7688790559768677}, {""round"": 9, ""accuracy"": 0.8532999753952026, ""loss"": 0.5171096920967102}, {""round"": 12, ""accuracy"": 0.8467000126838684, ""loss"": 0.46673744916915894}, {""round"": 15, ""accuracy"": 0.8855999708175659, ""loss"": 0.3925592303276062}, {""round"": 18, ""accuracy"": 0.9053000211715698, ""loss"": 0.32850518822669983}, {""round"": 21, ""accuracy"": 0.9107000231742859, ""loss"": 0.3124348521232605}, {""round"": 24, ""accuracy"": 0.9221000075340271, ""loss"": 0.26759010553359985}, {""round"": 27, ""accuracy"": 0.9212999939918518, ""loss"": 0.2646541893482208}, {""round"": 30, ""accuracy"": 0.925599992275238, ""loss"": 0.2480686753988266}]"
scaffold_alpha1.0_part1.0,scaffold,1.0,1.0,0.933899998664856,6,0.9283685028553009,0.005926921701064214,0.9135366082191467,"[{""round"": 1, ""accuracy"": 0.2847000062465668, ""loss"": 2.1900739669799805}, {""round"": 3, ""accuracy"": 0.7282999753952026, ""loss"": 1.3832502365112305}, {""round"": 6, ""accuracy"": 0.8378000259399414, ""loss"": 0.6199890375137329}, {""round"": 9, ""accuracy"": 0.8693000078201294, ""loss"": 0.4612465798854828}, {""round"": 12, ""accuracy"": 0.8916000127792358, ""loss"": 0.38837045431137085}, {""round"": 15, ""accuracy"": 0.9002000093460083, ""loss"": 0.34657222032546997}, {""round"": 18, ""accuracy"": 0.9132999777793884, ""loss"": 0.303039014339447}, {""round"": 21, ""accuracy"": 0.9142000079154968, ""loss"": 0.29423651099205017}, {""round"": 24, ""accuracy"": 0.9223999977111816, ""loss"": 0.2683321535587311}, {""round"": 27, ""accuracy"": 0.9254000186920166, ""loss"": 0.2544114887714386}, {""round"": 30, ""accuracy"": 0.933899998664856, ""loss"": 0.22702474892139435}]"
